TP,FP,FN,TN,Accuracy,Precision,Recall
107,0,32,17,0.7948717948717948,1.0,0.7697841726618705
