TP,FP,FN,TN,Accuracy,Precision,Recall
3738,4,64,2722,0.9895833333333334,0.9989310529128808,0.9831667543398211
