TP,FP,FN,TN,Accuracy,Precision,Recall
3411,1057,120,3336,0.8514639071176173,0.7634288272157564,0.9660152931180969
