TP,FP,FN,TN,Accuracy,Precision,Recall
4560,1,29,2789,0.9959344084564304,0.9997807498355624,0.99368054042275
