TP,FP,FN,TN,Accuracy,Precision,Recall
4202,3,29,2833,0.9954719117022782,0.9992865636147443,0.9931458284093595
