TP,FP,FN,TN,Accuracy,Precision,Recall
3684,2,26,1228,0.994331983805668,0.9994574064026045,0.9929919137466308
