TP,FP,FN,TN,Accuracy,Precision,Recall
5252,2,183,3869,0.980120352460778,0.9996193376475067,0.9663293468261269
