TP,FP,FN,TN,Accuracy,Precision,Recall
1986,254,60,2662,0.9367190648931882,0.8866071428571428,0.9706744868035191
