TP,FP,FN,TN,Accuracy,Precision,Recall
2644,520,140,2937,0.8942477167120654,0.8356510745891277,0.9497126436781609
