TP,FP,FN,TN,Accuracy,Precision,Recall
3787,3,2,3138,0.9992784992784993,0.9992084432717678,0.9994721562417525
