TP,FP,FN,TN,Accuracy,Precision,Recall
3910,69,0,2933,0.9900173611111112,0.9826589595375722,1.0
