TP,FP,FN,TN,Accuracy,Precision,Recall
3498,174,6,2519,0.9709536872680329,0.9526143790849673,0.9982876712328768
