TP,FP,FN,TN,Accuracy,Precision,Recall
4796,13,0,3267,0.9983902922238732,0.9972967352880017,1.0
