TP,FP,FN,TN,Accuracy,Precision,Recall
4147,252,1,3314,0.9672024889810734,0.9427142532393726,0.9997589199614272
