TP,FP,FN,TN,Accuracy,Precision,Recall
2324,178,9,2349,0.9615226337448559,0.9288569144684252,0.9961423060437206
