TP,FP,FN,TN,Accuracy,Precision,Recall
2598,18,0,1548,0.9956772334293948,0.9931192660550459,1.0
