TP,FP,FN,TN,Accuracy,Precision,Recall
3142,917,1,2220,0.8538216560509554,0.7740822862774083,0.9996818326439707
