TP,FP,FN,TN,Accuracy,Precision,Recall
2559,1128,5,2173,0.8068201193520886,0.694060211554109,0.9980499219968799
