TP,FP,FN,TN,Accuracy,Precision,Recall
3307,6,2,2589,0.9986449864498645,0.9981889526109267,0.9993955877908733
