TP,FP,FN,TN,Accuracy,Precision,Recall
3214,2,2,2956,0.9993521218011014,0.9993781094527363,0.9993781094527363
