TP,FP,FN,TN,Accuracy,Precision,Recall
5746,1,49,5076,0.9954010301692421,0.9998259961719158,0.9915444348576359
