TP,FP,FN,TN,Accuracy,Precision,Recall
3986,0,30,4114,0.996309963099631,1.0,0.9925298804780877
