TP,FP,FN,TN,Accuracy,Precision,Recall
4398,1,44,3759,0.9945135332845647,0.9997726756080928,0.990094552003602
