TP,FP,FN,TN,Accuracy,Precision,Recall
1252,0,3,1945,0.9990625,1.0,0.9976095617529881
