TP,FP,FN,TN,Accuracy,Precision,Recall
4382,4,12,5052,0.9983068783068783,0.9990880072959416,0.997269003186163
