TP,FP,FN,TN,Accuracy,Precision,Recall
2567,6,6,3672,0.9980803071508558,0.9976680917217257,0.9976680917217257
