TP,FP,FN,TN,Accuracy,Precision,Recall
4727,0,50,4427,0.994567579313342,1.0,0.9895331798199707
