TP,FP,FN,TN,Accuracy,Precision,Recall
4532,1,41,5632,0.9958847736625515,0.99977939554379,0.9910343319483927
