TP,FP,FN,TN,Accuracy,Precision,Recall
3329,0,13,2933,0.9979282868525896,1.0,0.9961101137043686
