TP,FP,FN,TN,Accuracy,Precision,Recall
3526,0,9,2951,0.9986123959296948,1.0,0.9974540311173975
